Fecha_pd,Entidad,Data
2015-01-31,Aguascalientes,22.0
2015-01-31,Baja California,75.0
2015-01-31,Baja California Sur,20.0
2015-01-31,Campeche,13.0
2015-01-31,Chiapas,124.0
2015-01-31,Chihuahua,113.0
2015-01-31,Ciudad de México,101.0
2015-01-31,Coahuila de Zaragoza,83.0
2015-01-31,Colima,12.0
2015-01-31,Durango,40.0
2015-01-31,Guanajuato,205.0
2015-01-31,Guerrero,190.0
2015-01-31,Hidalgo,50.0
2015-01-31,Jalisco,150.0
2015-01-31,Michoacán de Ocampo,186.0
2015-01-31,Morelos,84.0
2015-01-31,México,340.0
2015-01-31,Nacional,2532.0
2015-01-31,Nayarit,8.0
2015-01-31,Nuevo León,66.0
2015-01-31,Oaxaca,0.0
2015-01-31,Puebla,90.0
2015-01-31,Querétaro,32.0
2015-01-31,Quintana Roo,38.0
2015-01-31,San Luis Potosí,33.0
2015-01-31,Sinaloa,97.0
2015-01-31,Sonora,72.0
2015-01-31,Tabasco,59.0
2015-01-31,Tamaulipas,100.0
2015-01-31,Tlaxcala,21.0
2015-01-31,Veracruz de Ignacio de la Llave,69.0
2015-01-31,Yucatán,5.0
2015-01-31,Zacatecas,34.0
2015-02-28,Aguascalientes,20.0
2015-02-28,Baja California,83.0
2015-02-28,Baja California Sur,11.0
2015-02-28,Campeche,7.0
2015-02-28,Chiapas,149.0
2015-02-28,Chihuahua,113.0
2015-02-28,Ciudad de México,148.0
2015-02-28,Coahuila de Zaragoza,38.0
2015-02-28,Colima,11.0
2015-02-28,Durango,44.0
2015-02-28,Guanajuato,167.0
2015-02-28,Guerrero,183.0
2015-02-28,Hidalgo,55.0
2015-02-28,Jalisco,133.0
2015-02-28,Michoacán de Ocampo,158.0
2015-02-28,Morelos,85.0
2015-02-28,México,250.0
2015-02-28,Nacional,2523.0
2015-02-28,Nayarit,11.0
2015-02-28,Nuevo León,67.0
2015-02-28,Oaxaca,105.0
2015-02-28,Puebla,85.0
2015-02-28,Querétaro,38.0
2015-02-28,Quintana Roo,38.0
2015-02-28,San Luis Potosí,22.0
2015-02-28,Sinaloa,118.0
2015-02-28,Sonora,70.0
2015-02-28,Tabasco,49.0
2015-02-28,Tamaulipas,130.0
2015-02-28,Tlaxcala,21.0
2015-02-28,Veracruz de Ignacio de la Llave,81.0
2015-02-28,Yucatán,5.0
2015-02-28,Zacatecas,28.0
2015-03-31,Aguascalientes,14.0
2015-03-31,Baja California,87.0
2015-03-31,Baja California Sur,11.0
2015-03-31,Campeche,18.0
2015-03-31,Chiapas,145.0
2015-03-31,Chihuahua,112.0
2015-03-31,Ciudad de México,130.0
2015-03-31,Coahuila de Zaragoza,49.0
2015-03-31,Colima,14.0
2015-03-31,Durango,42.0
2015-03-31,Guanajuato,172.0
2015-03-31,Guerrero,207.0
2015-03-31,Hidalgo,47.0
2015-03-31,Jalisco,120.0
2015-03-31,Michoacán de Ocampo,145.0
2015-03-31,Morelos,94.0
2015-03-31,México,264.0
2015-03-31,Nacional,2496.0
2015-03-31,Nayarit,14.0
2015-03-31,Nuevo León,80.0
2015-03-31,Oaxaca,0.0
2015-03-31,Puebla,103.0
2015-03-31,Querétaro,36.0
2015-03-31,Quintana Roo,43.0
2015-03-31,San Luis Potosí,33.0
2015-03-31,Sinaloa,108.0
2015-03-31,Sonora,87.0
2015-03-31,Tabasco,56.0
2015-03-31,Tamaulipas,121.0
2015-03-31,Tlaxcala,29.0
2015-03-31,Veracruz de Ignacio de la Llave,76.0
2015-03-31,Yucatán,13.0
2015-03-31,Zacatecas,26.0
2015-04-30,Aguascalientes,21.0
2015-04-30,Baja California,94.0
2015-04-30,Baja California Sur,22.0
2015-04-30,Campeche,10.0
2015-04-30,Chiapas,162.0
2015-04-30,Chihuahua,82.0
2015-04-30,Ciudad de México,130.0
2015-04-30,Coahuila de Zaragoza,40.0
2015-04-30,Colima,12.0
2015-04-30,Durango,44.0
2015-04-30,Guanajuato,194.0
2015-04-30,Guerrero,251.0
2015-04-30,Hidalgo,43.0
2015-04-30,Jalisco,141.0
2015-04-30,Michoacán de Ocampo,157.0
2015-04-30,Morelos,60.0
2015-04-30,México,257.0
2015-04-30,Nacional,2553.0
2015-04-30,Nayarit,17.0
2015-04-30,Nuevo León,77.0
2015-04-30,Oaxaca,0.0
2015-04-30,Puebla,109.0
2015-04-30,Querétaro,31.0
2015-04-30,Quintana Roo,59.0
2015-04-30,San Luis Potosí,27.0
2015-04-30,Sinaloa,126.0
2015-04-30,Sonora,61.0
2015-04-30,Tabasco,56.0
2015-04-30,Tamaulipas,130.0
2015-04-30,Tlaxcala,39.0
2015-04-30,Veracruz de Ignacio de la Llave,70.0
2015-04-30,Yucatán,7.0
2015-04-30,Zacatecas,24.0
2015-05-31,Aguascalientes,18.0
2015-05-31,Baja California,93.0
2015-05-31,Baja California Sur,18.0
2015-05-31,Campeche,10.0
2015-05-31,Chiapas,134.0
2015-05-31,Chihuahua,111.0
2015-05-31,Ciudad de México,161.0
2015-05-31,Coahuila de Zaragoza,47.0
2015-05-31,Colima,18.0
2015-05-31,Durango,53.0
2015-05-31,Guanajuato,208.0
2015-05-31,Guerrero,248.0
2015-05-31,Hidalgo,49.0
2015-05-31,Jalisco,128.0
2015-05-31,Michoacán de Ocampo,165.0
2015-05-31,Morelos,79.0
2015-05-31,México,253.0
2015-05-31,Nacional,2762.0
2015-05-31,Nayarit,12.0
2015-05-31,Nuevo León,83.0
2015-05-31,Oaxaca,129.0
2015-05-31,Puebla,98.0
2015-05-31,Querétaro,41.0
2015-05-31,Quintana Roo,44.0
2015-05-31,San Luis Potosí,34.0
2015-05-31,Sinaloa,137.0
2015-05-31,Sonora,91.0
2015-05-31,Tabasco,52.0
2015-05-31,Tamaulipas,128.0
2015-05-31,Tlaxcala,22.0
2015-05-31,Veracruz de Ignacio de la Llave,68.0
2015-05-31,Yucatán,13.0
2015-05-31,Zacatecas,17.0
2015-06-30,Aguascalientes,16.0
2015-06-30,Baja California,106.0
2015-06-30,Baja California Sur,17.0
2015-06-30,Campeche,13.0
2015-06-30,Chiapas,116.0
2015-06-30,Chihuahua,130.0
2015-06-30,Ciudad de México,127.0
2015-06-30,Coahuila de Zaragoza,33.0
2015-06-30,Colima,17.0
2015-06-30,Durango,44.0
2015-06-30,Guanajuato,181.0
2015-06-30,Guerrero,183.0
2015-06-30,Hidalgo,38.0
2015-06-30,Jalisco,130.0
2015-06-30,Michoacán de Ocampo,168.0
2015-06-30,Morelos,65.0
2015-06-30,México,228.0
2015-06-30,Nacional,2471.0
2015-06-30,Nayarit,15.0
2015-06-30,Nuevo León,85.0
2015-06-30,Oaxaca,0.0
2015-06-30,Puebla,108.0
2015-06-30,Querétaro,35.0
2015-06-30,Quintana Roo,46.0
2015-06-30,San Luis Potosí,41.0
2015-06-30,Sinaloa,104.0
2015-06-30,Sonora,105.0
2015-06-30,Tabasco,62.0
2015-06-30,Tamaulipas,123.0
2015-06-30,Tlaxcala,23.0
2015-06-30,Veracruz de Ignacio de la Llave,74.0
2015-06-30,Yucatán,9.0
2015-06-30,Zacatecas,29.0
2015-07-31,Aguascalientes,16.0
2015-07-31,Baja California,113.0
2015-07-31,Baja California Sur,17.0
2015-07-31,Campeche,2.0
2015-07-31,Chiapas,122.0
2015-07-31,Chihuahua,118.0
2015-07-31,Ciudad de México,139.0
2015-07-31,Coahuila de Zaragoza,47.0
2015-07-31,Colima,13.0
2015-07-31,Durango,41.0
2015-07-31,Guanajuato,199.0
2015-07-31,Guerrero,243.0
2015-07-31,Hidalgo,45.0
2015-07-31,Jalisco,153.0
2015-07-31,Michoacán de Ocampo,192.0
2015-07-31,Morelos,71.0
2015-07-31,México,196.0
2015-07-31,Nacional,2587.0
2015-07-31,Nayarit,13.0
2015-07-31,Nuevo León,83.0
2015-07-31,Oaxaca,0.0
2015-07-31,Puebla,93.0
2015-07-31,Querétaro,36.0
2015-07-31,Quintana Roo,49.0
2015-07-31,San Luis Potosí,35.0
2015-07-31,Sinaloa,112.0
2015-07-31,Sonora,97.0
2015-07-31,Tabasco,63.0
2015-07-31,Tamaulipas,120.0
2015-07-31,Tlaxcala,19.0
2015-07-31,Veracruz de Ignacio de la Llave,96.0
2015-07-31,Yucatán,11.0
2015-07-31,Zacatecas,33.0
2015-08-31,Aguascalientes,14.0
2015-08-31,Baja California,114.0
2015-08-31,Baja California Sur,28.0
2015-08-31,Campeche,9.0
2015-08-31,Chiapas,128.0
2015-08-31,Chihuahua,127.0
2015-08-31,Ciudad de México,133.0
2015-08-31,Coahuila de Zaragoza,39.0
2015-08-31,Colima,17.0
2015-08-31,Durango,33.0
2015-08-31,Guanajuato,227.0
2015-08-31,Guerrero,263.0
2015-08-31,Hidalgo,69.0
2015-08-31,Jalisco,131.0
2015-08-31,Michoacán de Ocampo,188.0
2015-08-31,Morelos,76.0
2015-08-31,México,228.0
2015-08-31,Nacional,2777.0
2015-08-31,Nayarit,18.0
2015-08-31,Nuevo León,82.0
2015-08-31,Oaxaca,79.0
2015-08-31,Puebla,115.0
2015-08-31,Querétaro,33.0
2015-08-31,Quintana Roo,51.0
2015-08-31,San Luis Potosí,26.0
2015-08-31,Sinaloa,123.0
2015-08-31,Sonora,97.0
2015-08-31,Tabasco,69.0
2015-08-31,Tamaulipas,109.0
2015-08-31,Tlaxcala,23.0
2015-08-31,Veracruz de Ignacio de la Llave,90.0
2015-08-31,Yucatán,9.0
2015-08-31,Zacatecas,29.0
2015-09-30,Aguascalientes,27.0
2015-09-30,Baja California,120.0
2015-09-30,Baja California Sur,32.0
2015-09-30,Campeche,8.0
2015-09-30,Chiapas,115.0
2015-09-30,Chihuahua,91.0
2015-09-30,Ciudad de México,120.0
2015-09-30,Coahuila de Zaragoza,36.0
2015-09-30,Colima,23.0
2015-09-30,Durango,33.0
2015-09-30,Guanajuato,212.0
2015-09-30,Guerrero,217.0
2015-09-30,Hidalgo,87.0
2015-09-30,Jalisco,145.0
2015-09-30,Michoacán de Ocampo,140.0
2015-09-30,Morelos,72.0
2015-09-30,México,247.0
2015-09-30,Nacional,2548.0
2015-09-30,Nayarit,10.0
2015-09-30,Nuevo León,101.0
2015-09-30,Oaxaca,0.0
2015-09-30,Puebla,99.0
2015-09-30,Querétaro,40.0
2015-09-30,Quintana Roo,51.0
2015-09-30,San Luis Potosí,30.0
2015-09-30,Sinaloa,109.0
2015-09-30,Sonora,80.0
2015-09-30,Tabasco,44.0
2015-09-30,Tamaulipas,97.0
2015-09-30,Tlaxcala,35.0
2015-09-30,Veracruz de Ignacio de la Llave,87.0
2015-09-30,Yucatán,8.0
2015-09-30,Zacatecas,32.0
2015-10-31,Aguascalientes,16.0
2015-10-31,Baja California,110.0
2015-10-31,Baja California Sur,9.0
2015-10-31,Campeche,10.0
2015-10-31,Chiapas,132.0
2015-10-31,Chihuahua,89.0
2015-10-31,Ciudad de México,130.0
2015-10-31,Coahuila de Zaragoza,32.0
2015-10-31,Colima,24.0
2015-10-31,Durango,39.0
2015-10-31,Guanajuato,221.0
2015-10-31,Guerrero,237.0
2015-10-31,Hidalgo,62.0
2015-10-31,Jalisco,169.0
2015-10-31,Michoacán de Ocampo,173.0
2015-10-31,Morelos,47.0
2015-10-31,México,213.0
2015-10-31,Nacional,2619.0
2015-10-31,Nayarit,10.0
2015-10-31,Nuevo León,95.0
2015-10-31,Oaxaca,0.0
2015-10-31,Puebla,122.0
2015-10-31,Querétaro,38.0
2015-10-31,Quintana Roo,58.0
2015-10-31,San Luis Potosí,34.0
2015-10-31,Sinaloa,123.0
2015-10-31,Sonora,91.0
2015-10-31,Tabasco,55.0
2015-10-31,Tamaulipas,102.0
2015-10-31,Tlaxcala,28.0
2015-10-31,Veracruz de Ignacio de la Llave,107.0
2015-10-31,Yucatán,6.0
2015-10-31,Zacatecas,37.0
2015-11-30,Aguascalientes,9.0
2015-11-30,Baja California,118.0
2015-11-30,Baja California Sur,10.0
2015-11-30,Campeche,6.0
2015-11-30,Chiapas,107.0
2015-11-30,Chihuahua,99.0
2015-11-30,Ciudad de México,136.0
2015-11-30,Coahuila de Zaragoza,34.0
2015-11-30,Colima,30.0
2015-11-30,Durango,36.0
2015-11-30,Guanajuato,206.0
2015-11-30,Guerrero,239.0
2015-11-30,Hidalgo,58.0
2015-11-30,Jalisco,172.0
2015-11-30,Michoacán de Ocampo,156.0
2015-11-30,Morelos,56.0
2015-11-30,México,228.0
2015-11-30,Nacional,2635.0
2015-11-30,Nayarit,11.0
2015-11-30,Nuevo León,73.0
2015-11-30,Oaxaca,103.0
2015-11-30,Puebla,100.0
2015-11-30,Querétaro,45.0
2015-11-30,Quintana Roo,55.0
2015-11-30,San Luis Potosí,35.0
2015-11-30,Sinaloa,120.0
2015-11-30,Sonora,71.0
2015-11-30,Tabasco,54.0
2015-11-30,Tamaulipas,102.0
2015-11-30,Tlaxcala,20.0
2015-11-30,Veracruz de Ignacio de la Llave,102.0
2015-11-30,Yucatán,5.0
2015-11-30,Zacatecas,39.0
2015-12-31,Aguascalientes,18.0
2015-12-31,Baja California,106.0
2015-12-31,Baja California Sur,6.0
2015-12-31,Campeche,12.0
2015-12-31,Chiapas,118.0
2015-12-31,Chihuahua,101.0
2015-12-31,Ciudad de México,130.0
2015-12-31,Coahuila de Zaragoza,57.0
2015-12-31,Colima,31.0
2015-12-31,Durango,45.0
2015-12-31,Guanajuato,206.0
2015-12-31,Guerrero,260.0
2015-12-31,Hidalgo,48.0
2015-12-31,Jalisco,164.0
2015-12-31,Michoacán de Ocampo,213.0
2015-12-31,Morelos,62.0
2015-12-31,México,253.0
2015-12-31,Nacional,2689.0
2015-12-31,Nayarit,8.0
2015-12-31,Nuevo León,96.0
2015-12-31,Oaxaca,0.0
2015-12-31,Puebla,84.0
2015-12-31,Querétaro,42.0
2015-12-31,Quintana Roo,39.0
2015-12-31,San Luis Potosí,42.0
2015-12-31,Sinaloa,127.0
2015-12-31,Sonora,61.0
2015-12-31,Tabasco,66.0
2015-12-31,Tamaulipas,121.0
2015-12-31,Tlaxcala,43.0
2015-12-31,Veracruz de Ignacio de la Llave,88.0
2015-12-31,Yucatán,13.0
2015-12-31,Zacatecas,29.0
2016-01-31,Aguascalientes,16.0
2016-01-31,Baja California,118.0
2016-01-31,Baja California Sur,11.0
2016-01-31,Campeche,19.0
2016-01-31,Chiapas,123.0
2016-01-31,Chihuahua,98.0
2016-01-31,Ciudad de México,114.0
2016-01-31,Coahuila de Zaragoza,39.0
2016-01-31,Colima,36.0
2016-01-31,Durango,23.0
2016-01-31,Guanajuato,200.0
2016-01-31,Guerrero,228.0
2016-01-31,Hidalgo,75.0
2016-01-31,Jalisco,149.0
2016-01-31,Michoacán de Ocampo,153.0
2016-01-31,Morelos,54.0
2016-01-31,México,240.0
2016-01-31,Nacional,2642.0
2016-01-31,Nayarit,8.0
2016-01-31,Nuevo León,92.0
2016-01-31,Oaxaca,116.0
2016-01-31,Puebla,88.0
2016-01-31,Querétaro,34.0
2016-01-31,Quintana Roo,22.0
2016-01-31,San Luis Potosí,26.0
2016-01-31,Sinaloa,127.0
2016-01-31,Sonora,90.0
2016-01-31,Tabasco,47.0
2016-01-31,Tamaulipas,105.0
2016-01-31,Tlaxcala,31.0
2016-01-31,Veracruz de Ignacio de la Llave,108.0
2016-01-31,Yucatán,9.0
2016-01-31,Zacatecas,43.0
2016-02-29,Aguascalientes,20.0
2016-02-29,Baja California,99.0
2016-02-29,Baja California Sur,8.0
2016-02-29,Campeche,10.0
2016-02-29,Chiapas,95.0
2016-02-29,Chihuahua,85.0
2016-02-29,Ciudad de México,136.0
2016-02-29,Coahuila de Zaragoza,30.0
2016-02-29,Colima,42.0
2016-02-29,Durango,33.0
2016-02-29,Guanajuato,212.0
2016-02-29,Guerrero,224.0
2016-02-29,Hidalgo,41.0
2016-02-29,Jalisco,151.0
2016-02-29,Michoacán de Ocampo,163.0
2016-02-29,Morelos,55.0
2016-02-29,México,206.0
2016-02-29,Nacional,2649.0
2016-02-29,Nayarit,8.0
2016-02-29,Nuevo León,126.0
2016-02-29,Oaxaca,100.0
2016-02-29,Puebla,107.0
2016-02-29,Querétaro,32.0
2016-02-29,Quintana Roo,24.0
2016-02-29,San Luis Potosí,23.0
2016-02-29,Sinaloa,123.0
2016-02-29,Sonora,123.0
2016-02-29,Tabasco,75.0
2016-02-29,Tamaulipas,112.0
2016-02-29,Tlaxcala,26.0
2016-02-29,Veracruz de Ignacio de la Llave,94.0
2016-02-29,Yucatán,17.0
2016-02-29,Zacatecas,49.0
2016-03-31,Aguascalientes,26.0
2016-03-31,Baja California,117.0
2016-03-31,Baja California Sur,10.0
2016-03-31,Campeche,12.0
2016-03-31,Chiapas,137.0
2016-03-31,Chihuahua,111.0
2016-03-31,Ciudad de México,121.0
2016-03-31,Coahuila de Zaragoza,41.0
2016-03-31,Colima,56.0
2016-03-31,Durango,46.0
2016-03-31,Guanajuato,193.0
2016-03-31,Guerrero,247.0
2016-03-31,Hidalgo,71.0
2016-03-31,Jalisco,173.0
2016-03-31,Michoacán de Ocampo,179.0
2016-03-31,Morelos,57.0
2016-03-31,México,232.0
2016-03-31,Nacional,2805.0
2016-03-31,Nayarit,8.0
2016-03-31,Nuevo León,91.0
2016-03-31,Oaxaca,132.0
2016-03-31,Puebla,101.0
2016-03-31,Querétaro,42.0
2016-03-31,Quintana Roo,16.0
2016-03-31,San Luis Potosí,18.0
2016-03-31,Sinaloa,90.0
2016-03-31,Sonora,95.0
2016-03-31,Tabasco,67.0
2016-03-31,Tamaulipas,136.0
2016-03-31,Tlaxcala,29.0
2016-03-31,Veracruz de Ignacio de la Llave,97.0
2016-03-31,Yucatán,11.0
2016-03-31,Zacatecas,43.0
2016-04-30,Aguascalientes,19.0
2016-04-30,Baja California,108.0
2016-04-30,Baja California Sur,14.0
2016-04-30,Campeche,15.0
2016-04-30,Chiapas,118.0
2016-04-30,Chihuahua,114.0
2016-04-30,Ciudad de México,120.0
2016-04-30,Coahuila de Zaragoza,37.0
2016-04-30,Colima,58.0
2016-04-30,Durango,23.0
2016-04-30,Guanajuato,185.0
2016-04-30,Guerrero,226.0
2016-04-30,Hidalgo,55.0
2016-04-30,Jalisco,146.0
2016-04-30,Michoacán de Ocampo,190.0
2016-04-30,Morelos,53.0
2016-04-30,México,234.0
2016-04-30,Nacional,2700.0
2016-04-30,Nayarit,5.0
2016-04-30,Nuevo León,92.0
2016-04-30,Oaxaca,144.0
2016-04-30,Puebla,136.0
2016-04-30,Querétaro,36.0
2016-04-30,Quintana Roo,17.0
2016-04-30,San Luis Potosí,30.0
2016-04-30,Sinaloa,120.0
2016-04-30,Sonora,69.0
2016-04-30,Tabasco,53.0
2016-04-30,Tamaulipas,124.0
2016-04-30,Tlaxcala,32.0
2016-04-30,Veracruz de Ignacio de la Llave,85.0
2016-04-30,Yucatán,7.0
2016-04-30,Zacatecas,35.0
2016-05-31,Aguascalientes,26.0
2016-05-31,Baja California,122.0
2016-05-31,Baja California Sur,14.0
2016-05-31,Campeche,15.0
2016-05-31,Chiapas,126.0
2016-05-31,Chihuahua,125.0
2016-05-31,Ciudad de México,118.0
2016-05-31,Coahuila de Zaragoza,54.0
2016-05-31,Colima,47.0
2016-05-31,Durango,46.0
2016-05-31,Guanajuato,232.0
2016-05-31,Guerrero,233.0
2016-05-31,Hidalgo,58.0
2016-05-31,Jalisco,194.0
2016-05-31,Michoacán de Ocampo,200.0
2016-05-31,Morelos,80.0
2016-05-31,México,256.0
2016-05-31,Nacional,3053.0
2016-05-31,Nayarit,7.0
2016-05-31,Nuevo León,98.0
2016-05-31,Oaxaca,136.0
2016-05-31,Puebla,129.0
2016-05-31,Querétaro,47.0
2016-05-31,Quintana Roo,20.0
2016-05-31,San Luis Potosí,48.0
2016-05-31,Sinaloa,129.0
2016-05-31,Sonora,88.0
2016-05-31,Tabasco,58.0
2016-05-31,Tamaulipas,141.0
2016-05-31,Tlaxcala,25.0
2016-05-31,Veracruz de Ignacio de la Llave,116.0
2016-05-31,Yucatán,11.0
2016-05-31,Zacatecas,54.0
2016-06-30,Aguascalientes,17.0
2016-06-30,Baja California,112.0
2016-06-30,Baja California Sur,20.0
2016-06-30,Campeche,6.0
2016-06-30,Chiapas,115.0
2016-06-30,Chihuahua,125.0
2016-06-30,Ciudad de México,108.0
2016-06-30,Coahuila de Zaragoza,41.0
2016-06-30,Colima,40.0
2016-06-30,Durango,48.0
2016-06-30,Guanajuato,220.0
2016-06-30,Guerrero,260.0
2016-06-30,Hidalgo,33.0
2016-06-30,Jalisco,160.0
2016-06-30,Michoacán de Ocampo,190.0
2016-06-30,Morelos,79.0
2016-06-30,México,237.0
2016-06-30,Nacional,2824.0
2016-06-30,Nayarit,4.0
2016-06-30,Nuevo León,81.0
2016-06-30,Oaxaca,132.0
2016-06-30,Puebla,103.0
2016-06-30,Querétaro,30.0
2016-06-30,Quintana Roo,20.0
2016-06-30,San Luis Potosí,57.0
2016-06-30,Sinaloa,132.0
2016-06-30,Sonora,82.0
2016-06-30,Tabasco,38.0
2016-06-30,Tamaulipas,129.0
2016-06-30,Tlaxcala,24.0
2016-06-30,Veracruz de Ignacio de la Llave,124.0
2016-06-30,Yucatán,5.0
2016-06-30,Zacatecas,52.0
2016-07-31,Aguascalientes,23.0
2016-07-31,Baja California,128.0
2016-07-31,Baja California Sur,15.0
2016-07-31,Campeche,14.0
2016-07-31,Chiapas,122.0
2016-07-31,Chihuahua,135.0
2016-07-31,Ciudad de México,118.0
2016-07-31,Coahuila de Zaragoza,45.0
2016-07-31,Colima,54.0
2016-07-31,Durango,45.0
2016-07-31,Guanajuato,230.0
2016-07-31,Guerrero,286.0
2016-07-31,Hidalgo,58.0
2016-07-31,Jalisco,178.0
2016-07-31,Michoacán de Ocampo,219.0
2016-07-31,Morelos,66.0
2016-07-31,México,178.0
2016-07-31,Nacional,3062.0
2016-07-31,Nayarit,8.0
2016-07-31,Nuevo León,123.0
2016-07-31,Oaxaca,152.0
2016-07-31,Puebla,106.0
2016-07-31,Querétaro,40.0
2016-07-31,Quintana Roo,21.0
2016-07-31,San Luis Potosí,41.0
2016-07-31,Sinaloa,106.0
2016-07-31,Sonora,93.0
2016-07-31,Tabasco,35.0
2016-07-31,Tamaulipas,147.0
2016-07-31,Tlaxcala,26.0
2016-07-31,Veracruz de Ignacio de la Llave,195.0
2016-07-31,Yucatán,6.0
2016-07-31,Zacatecas,49.0
2016-08-31,Aguascalientes,13.0
2016-08-31,Baja California,116.0
2016-08-31,Baja California Sur,36.0
2016-08-31,Campeche,17.0
2016-08-31,Chiapas,140.0
2016-08-31,Chihuahua,152.0
2016-08-31,Ciudad de México,134.0
2016-08-31,Coahuila de Zaragoza,32.0
2016-08-31,Colima,48.0
2016-08-31,Durango,44.0
2016-08-31,Guanajuato,214.0
2016-08-31,Guerrero,258.0
2016-08-31,Hidalgo,63.0
2016-08-31,Jalisco,179.0
2016-08-31,Michoacán de Ocampo,226.0
2016-08-31,Morelos,80.0
2016-08-31,México,210.0
2016-08-31,Nacional,3198.0
2016-08-31,Nayarit,10.0
2016-08-31,Nuevo León,93.0
2016-08-31,Oaxaca,148.0
2016-08-31,Puebla,96.0
2016-08-31,Querétaro,31.0
2016-08-31,Quintana Roo,33.0
2016-08-31,San Luis Potosí,51.0
2016-08-31,Sinaloa,148.0
2016-08-31,Sonora,97.0
2016-08-31,Tabasco,43.0
2016-08-31,Tamaulipas,136.0
2016-08-31,Tlaxcala,34.0
2016-08-31,Veracruz de Ignacio de la Llave,233.0
2016-08-31,Yucatán,8.0
2016-08-31,Zacatecas,75.0
2016-09-30,Aguascalientes,17.0
2016-09-30,Baja California,149.0
2016-09-30,Baja California Sur,36.0
2016-09-30,Campeche,15.0
2016-09-30,Chiapas,103.0
2016-09-30,Chihuahua,148.0
2016-09-30,Ciudad de México,159.0
2016-09-30,Coahuila de Zaragoza,36.0
2016-09-30,Colima,47.0
2016-09-30,Durango,42.0
2016-09-30,Guanajuato,229.0
2016-09-30,Guerrero,207.0
2016-09-30,Hidalgo,46.0
2016-09-30,Jalisco,185.0
2016-09-30,Michoacán de Ocampo,215.0
2016-09-30,Morelos,72.0
2016-09-30,México,232.0
2016-09-30,Nacional,3071.0
2016-09-30,Nayarit,5.0
2016-09-30,Nuevo León,104.0
2016-09-30,Oaxaca,137.0
2016-09-30,Puebla,106.0
2016-09-30,Querétaro,33.0
2016-09-30,Quintana Roo,26.0
2016-09-30,San Luis Potosí,47.0
2016-09-30,Sinaloa,127.0
2016-09-30,Sonora,84.0
2016-09-30,Tabasco,54.0
2016-09-30,Tamaulipas,129.0
2016-09-30,Tlaxcala,37.0
2016-09-30,Veracruz de Ignacio de la Llave,180.0
2016-09-30,Yucatán,10.0
2016-09-30,Zacatecas,54.0
2016-10-31,Aguascalientes,15.0
2016-10-31,Baja California,130.0
2016-10-31,Baja California Sur,33.0
2016-10-31,Campeche,13.0
2016-10-31,Chiapas,133.0
2016-10-31,Chihuahua,180.0
2016-10-31,Ciudad de México,134.0
2016-10-31,Coahuila de Zaragoza,39.0
2016-10-31,Colima,50.0
2016-10-31,Durango,37.0
2016-10-31,Guanajuato,219.0
2016-10-31,Guerrero,212.0
2016-10-31,Hidalgo,55.0
2016-10-31,Jalisco,169.0
2016-10-31,Michoacán de Ocampo,205.0
2016-10-31,Morelos,72.0
2016-10-31,México,275.0
2016-10-31,Nacional,3011.0
2016-10-31,Nayarit,12.0
2016-10-31,Nuevo León,105.0
2016-10-31,Oaxaca,0.0
2016-10-31,Puebla,93.0
2016-10-31,Querétaro,31.0
2016-10-31,Quintana Roo,33.0
2016-10-31,San Luis Potosí,67.0
2016-10-31,Sinaloa,140.0
2016-10-31,Sonora,70.0
2016-10-31,Tabasco,70.0
2016-10-31,Tamaulipas,122.0
2016-10-31,Tlaxcala,32.0
2016-10-31,Veracruz de Ignacio de la Llave,212.0
2016-10-31,Yucatán,10.0
2016-10-31,Zacatecas,43.0
2016-11-30,Aguascalientes,18.0
2016-11-30,Baja California,142.0
2016-11-30,Baja California Sur,37.0
2016-11-30,Campeche,16.0
2016-11-30,Chiapas,118.0
2016-11-30,Chihuahua,136.0
2016-11-30,Ciudad de México,141.0
2016-11-30,Coahuila de Zaragoza,35.0
2016-11-30,Colima,55.0
2016-11-30,Durango,33.0
2016-11-30,Guanajuato,204.0
2016-11-30,Guerrero,259.0
2016-11-30,Hidalgo,51.0
2016-11-30,Jalisco,161.0
2016-11-30,Michoacán de Ocampo,192.0
2016-11-30,Morelos,78.0
2016-11-30,México,235.0
2016-11-30,Nacional,3040.0
2016-11-30,Nayarit,6.0
2016-11-30,Nuevo León,83.0
2016-11-30,Oaxaca,182.0
2016-11-30,Puebla,65.0
2016-11-30,Querétaro,33.0
2016-11-30,Quintana Roo,30.0
2016-11-30,San Luis Potosí,46.0
2016-11-30,Sinaloa,135.0
2016-11-30,Sonora,94.0
2016-11-30,Tabasco,76.0
2016-11-30,Tamaulipas,106.0
2016-11-30,Tlaxcala,35.0
2016-11-30,Veracruz de Ignacio de la Llave,183.0
2016-11-30,Yucatán,10.0
2016-11-30,Zacatecas,45.0
2016-12-31,Aguascalientes,23.0
2016-12-31,Baja California,162.0
2016-12-31,Baja California Sur,38.0
2016-12-31,Campeche,15.0
2016-12-31,Chiapas,150.0
2016-12-31,Chihuahua,138.0
2016-12-31,Ciudad de México,191.0
2016-12-31,Coahuila de Zaragoza,46.0
2016-12-31,Colima,64.0
2016-12-31,Durango,44.0
2016-12-31,Guanajuato,234.0
2016-12-31,Guerrero,204.0
2016-12-31,Hidalgo,48.0
2016-12-31,Jalisco,182.0
2016-12-31,Michoacán de Ocampo,224.0
2016-12-31,Morelos,87.0
2016-12-31,México,275.0
2016-12-31,Nacional,3270.0
2016-12-31,Nayarit,3.0
2016-12-31,Nuevo León,83.0
2016-12-31,Oaxaca,162.0
2016-12-31,Puebla,76.0
2016-12-31,Querétaro,33.0
2016-12-31,Quintana Roo,16.0
2016-12-31,San Luis Potosí,46.0
2016-12-31,Sinaloa,139.0
2016-12-31,Sonora,83.0
2016-12-31,Tabasco,83.0
2016-12-31,Tamaulipas,126.0
2016-12-31,Tlaxcala,32.0
2016-12-31,Veracruz de Ignacio de la Llave,190.0
2016-12-31,Yucatán,6.0
2016-12-31,Zacatecas,67.0
2017-01-31,Aguascalientes,22.0
2017-01-31,Baja California,155.0
2017-01-31,Baja California Sur,52.0
2017-01-31,Campeche,14.0
2017-01-31,Chiapas,143.0
2017-01-31,Chihuahua,149.0
2017-01-31,Ciudad de México,165.0
2017-01-31,Coahuila de Zaragoza,34.0
2017-01-31,Colima,75.0
2017-01-31,Durango,27.0
2017-01-31,Guanajuato,260.0
2017-01-31,Guerrero,219.0
2017-01-31,Hidalgo,91.0
2017-01-31,Jalisco,195.0
2017-01-31,Michoacán de Ocampo,206.0
2017-01-31,Morelos,76.0
2017-01-31,México,261.0
2017-01-31,Nacional,3321.0
2017-01-31,Nayarit,5.0
2017-01-31,Nuevo León,87.0
2017-01-31,Oaxaca,111.0
2017-01-31,Puebla,94.0
2017-01-31,Querétaro,32.0
2017-01-31,Quintana Roo,29.0
2017-01-31,San Luis Potosí,60.0
2017-01-31,Sinaloa,150.0
2017-01-31,Sonora,106.0
2017-01-31,Tabasco,68.0
2017-01-31,Tamaulipas,111.0
2017-01-31,Tlaxcala,47.0
2017-01-31,Veracruz de Ignacio de la Llave,209.0
2017-01-31,Yucatán,14.0
2017-01-31,Zacatecas,54.0
2017-02-28,Aguascalientes,16.0
2017-02-28,Baja California,144.0
2017-02-28,Baja California Sur,51.0
2017-02-28,Campeche,16.0
2017-02-28,Chiapas,126.0
2017-02-28,Chihuahua,166.0
2017-02-28,Ciudad de México,143.0
2017-02-28,Coahuila de Zaragoza,40.0
2017-02-28,Colima,41.0
2017-02-28,Durango,38.0
2017-02-28,Guanajuato,228.0
2017-02-28,Guerrero,209.0
2017-02-28,Hidalgo,62.0
2017-02-28,Jalisco,155.0
2017-02-28,Michoacán de Ocampo,209.0
2017-02-28,Morelos,66.0
2017-02-28,México,238.0
2017-02-28,Nacional,3047.0
2017-02-28,Nayarit,11.0
2017-02-28,Nuevo León,87.0
2017-02-28,Oaxaca,109.0
2017-02-28,Puebla,103.0
2017-02-28,Querétaro,39.0
2017-02-28,Quintana Roo,25.0
2017-02-28,San Luis Potosí,52.0
2017-02-28,Sinaloa,142.0
2017-02-28,Sonora,82.0
2017-02-28,Tabasco,78.0
2017-02-28,Tamaulipas,101.0
2017-02-28,Tlaxcala,36.0
2017-02-28,Veracruz de Ignacio de la Llave,181.0
2017-02-28,Yucatán,8.0
2017-02-28,Zacatecas,45.0
2017-03-31,Aguascalientes,21.0
2017-03-31,Baja California,176.0
2017-03-31,Baja California Sur,66.0
2017-03-31,Campeche,10.0
2017-03-31,Chiapas,134.0
2017-03-31,Chihuahua,145.0
2017-03-31,Ciudad de México,136.0
2017-03-31,Coahuila de Zaragoza,50.0
2017-03-31,Colima,54.0
2017-03-31,Durango,30.0
2017-03-31,Guanajuato,292.0
2017-03-31,Guerrero,255.0
2017-03-31,Hidalgo,63.0
2017-03-31,Jalisco,178.0
2017-03-31,Michoacán de Ocampo,188.0
2017-03-31,Morelos,76.0
2017-03-31,México,262.0
2017-03-31,Nacional,3392.0
2017-03-31,Nayarit,9.0
2017-03-31,Nuevo León,110.0
2017-03-31,Oaxaca,115.0
2017-03-31,Puebla,141.0
2017-03-31,Querétaro,32.0
2017-03-31,Quintana Roo,38.0
2017-03-31,San Luis Potosí,53.0
2017-03-31,Sinaloa,163.0
2017-03-31,Sonora,92.0
2017-03-31,Tabasco,72.0
2017-03-31,Tamaulipas,94.0
2017-03-31,Tlaxcala,35.0
2017-03-31,Veracruz de Ignacio de la Llave,240.0
2017-03-31,Yucatán,8.0
2017-03-31,Zacatecas,54.0
2017-04-30,Aguascalientes,16.0
2017-04-30,Baja California,183.0
2017-04-30,Baja California Sur,21.0
2017-04-30,Campeche,15.0
2017-04-30,Chiapas,141.0
2017-04-30,Chihuahua,127.0
2017-04-30,Ciudad de México,147.0
2017-04-30,Coahuila de Zaragoza,41.0
2017-04-30,Colima,43.0
2017-04-30,Durango,45.0
2017-04-30,Guanajuato,266.0
2017-04-30,Guerrero,236.0
2017-04-30,Hidalgo,66.0
2017-04-30,Jalisco,178.0
2017-04-30,Michoacán de Ocampo,200.0
2017-04-30,Morelos,76.0
2017-04-30,México,276.0
2017-04-30,Nacional,3407.0
2017-04-30,Nayarit,9.0
2017-04-30,Nuevo León,94.0
2017-04-30,Oaxaca,189.0
2017-04-30,Puebla,136.0
2017-04-30,Querétaro,51.0
2017-04-30,Quintana Roo,30.0
2017-04-30,San Luis Potosí,57.0
2017-04-30,Sinaloa,173.0
2017-04-30,Sonora,105.0
2017-04-30,Tabasco,69.0
2017-04-30,Tamaulipas,125.0
2017-04-30,Tlaxcala,27.0
2017-04-30,Veracruz de Ignacio de la Llave,202.0
2017-04-30,Yucatán,8.0
2017-04-30,Zacatecas,55.0
2017-05-31,Aguascalientes,21.0
2017-05-31,Baja California,207.0
2017-05-31,Baja California Sur,33.0
2017-05-31,Campeche,16.0
2017-05-31,Chiapas,92.0
2017-05-31,Chihuahua,179.0
2017-05-31,Ciudad de México,178.0
2017-05-31,Coahuila de Zaragoza,45.0
2017-05-31,Colima,58.0
2017-05-31,Durango,40.0
2017-05-31,Guanajuato,286.0
2017-05-31,Guerrero,269.0
2017-05-31,Hidalgo,62.0
2017-05-31,Jalisco,175.0
2017-05-31,Michoacán de Ocampo,182.0
2017-05-31,Morelos,69.0
2017-05-31,México,281.0
2017-05-31,Nacional,3566.0
2017-05-31,Nayarit,11.0
2017-05-31,Nuevo León,108.0
2017-05-31,Oaxaca,139.0
2017-05-31,Puebla,162.0
2017-05-31,Querétaro,36.0
2017-05-31,Quintana Roo,36.0
2017-05-31,San Luis Potosí,58.0
2017-05-31,Sinaloa,189.0
2017-05-31,Sonora,95.0
2017-05-31,Tabasco,70.0
2017-05-31,Tamaulipas,154.0
2017-05-31,Tlaxcala,29.0
2017-05-31,Veracruz de Ignacio de la Llave,233.0
2017-05-31,Yucatán,4.0
2017-05-31,Zacatecas,49.0
2017-06-30,Aguascalientes,21.0
2017-06-30,Baja California,214.0
2017-06-30,Baja California Sur,38.0
2017-06-30,Campeche,12.0
2017-06-30,Chiapas,111.0
2017-06-30,Chihuahua,205.0
2017-06-30,Ciudad de México,156.0
2017-06-30,Coahuila de Zaragoza,51.0
2017-06-30,Colima,87.0
2017-06-30,Durango,36.0
2017-06-30,Guanajuato,274.0
2017-06-30,Guerrero,255.0
2017-06-30,Hidalgo,47.0
2017-06-30,Jalisco,164.0
2017-06-30,Michoacán de Ocampo,166.0
2017-06-30,Morelos,62.0
2017-06-30,México,231.0
2017-06-30,Nacional,3448.0
2017-06-30,Nayarit,17.0
2017-06-30,Nuevo León,112.0
2017-06-30,Oaxaca,138.0
2017-06-30,Puebla,124.0
2017-06-30,Querétaro,47.0
2017-06-30,Quintana Roo,38.0
2017-06-30,San Luis Potosí,64.0
2017-06-30,Sinaloa,172.0
2017-06-30,Sonora,100.0
2017-06-30,Tabasco,61.0
2017-06-30,Tamaulipas,143.0
2017-06-30,Tlaxcala,20.0
2017-06-30,Veracruz de Ignacio de la Llave,234.0
2017-06-30,Yucatán,5.0
2017-06-30,Zacatecas,43.0
2017-07-31,Aguascalientes,15.0
2017-07-31,Baja California,213.0
2017-07-31,Baja California Sur,48.0
2017-07-31,Campeche,8.0
2017-07-31,Chiapas,116.0
2017-07-31,Chihuahua,148.0
2017-07-31,Ciudad de México,152.0
2017-07-31,Coahuila de Zaragoza,51.0
2017-07-31,Colima,94.0
2017-07-31,Durango,31.0
2017-07-31,Guanajuato,271.0
2017-07-31,Guerrero,239.0
2017-07-31,Hidalgo,35.0
2017-07-31,Jalisco,153.0
2017-07-31,Michoacán de Ocampo,162.0
2017-07-31,Morelos,62.0
2017-07-31,México,205.0
2017-07-31,Nacional,3289.0
2017-07-31,Nayarit,15.0
2017-07-31,Nuevo León,77.0
2017-07-31,Oaxaca,150.0
2017-07-31,Puebla,153.0
2017-07-31,Querétaro,34.0
2017-07-31,Quintana Roo,47.0
2017-07-31,San Luis Potosí,61.0
2017-07-31,Sinaloa,159.0
2017-07-31,Sonora,76.0
2017-07-31,Tabasco,71.0
2017-07-31,Tamaulipas,133.0
2017-07-31,Tlaxcala,19.0
2017-07-31,Veracruz de Ignacio de la Llave,220.0
2017-07-31,Yucatán,8.0
2017-07-31,Zacatecas,63.0
2017-08-31,Aguascalientes,28.0
2017-08-31,Baja California,231.0
2017-08-31,Baja California Sur,44.0
2017-08-31,Campeche,10.0
2017-08-31,Chiapas,100.0
2017-08-31,Chihuahua,147.0
2017-08-31,Ciudad de México,146.0
2017-08-31,Coahuila de Zaragoza,27.0
2017-08-31,Colima,66.0
2017-08-31,Durango,42.0
2017-08-31,Guanajuato,282.0
2017-08-31,Guerrero,227.0
2017-08-31,Hidalgo,71.0
2017-08-31,Jalisco,179.0
2017-08-31,Michoacán de Ocampo,150.0
2017-08-31,Morelos,62.0
2017-08-31,México,219.0
2017-08-31,Nacional,3376.0
2017-08-31,Nayarit,25.0
2017-08-31,Nuevo León,81.0
2017-08-31,Oaxaca,149.0
2017-08-31,Puebla,133.0
2017-08-31,Querétaro,47.0
2017-08-31,Quintana Roo,44.0
2017-08-31,San Luis Potosí,63.0
2017-08-31,Sinaloa,146.0
2017-08-31,Sonora,89.0
2017-08-31,Tabasco,76.0
2017-08-31,Tamaulipas,150.0
2017-08-31,Tlaxcala,22.0
2017-08-31,Veracruz de Ignacio de la Llave,235.0
2017-08-31,Yucatán,8.0
2017-08-31,Zacatecas,77.0
2017-09-30,Aguascalientes,23.0
2017-09-30,Baja California,256.0
2017-09-30,Baja California Sur,50.0
2017-09-30,Campeche,14.0
2017-09-30,Chiapas,106.0
2017-09-30,Chihuahua,153.0
2017-09-30,Ciudad de México,141.0
2017-09-30,Coahuila de Zaragoza,32.0
2017-09-30,Colima,52.0
2017-09-30,Durango,32.0
2017-09-30,Guanajuato,253.0
2017-09-30,Guerrero,226.0
2017-09-30,Hidalgo,45.0
2017-09-30,Jalisco,156.0
2017-09-30,Michoacán de Ocampo,163.0
2017-09-30,Morelos,74.0
2017-09-30,México,257.0
2017-09-30,Nacional,3357.0
2017-09-30,Nayarit,39.0
2017-09-30,Nuevo León,77.0
2017-09-30,Oaxaca,148.0
2017-09-30,Puebla,150.0
2017-09-30,Querétaro,46.0
2017-09-30,Quintana Roo,44.0
2017-09-30,San Luis Potosí,61.0
2017-09-30,Sinaloa,123.0
2017-09-30,Sonora,84.0
2017-09-30,Tabasco,72.0
2017-09-30,Tamaulipas,148.0
2017-09-30,Tlaxcala,27.0
2017-09-30,Veracruz de Ignacio de la Llave,237.0
2017-09-30,Yucatán,6.0
2017-09-30,Zacatecas,62.0
2017-10-31,Aguascalientes,24.0
2017-10-31,Baja California,230.0
2017-10-31,Baja California Sur,116.0
2017-10-31,Campeche,7.0
2017-10-31,Chiapas,83.0
2017-10-31,Chihuahua,164.0
2017-10-31,Ciudad de México,152.0
2017-10-31,Coahuila de Zaragoza,30.0
2017-10-31,Colima,71.0
2017-10-31,Durango,32.0
2017-10-31,Guanajuato,323.0
2017-10-31,Guerrero,242.0
2017-10-31,Hidalgo,52.0
2017-10-31,Jalisco,186.0
2017-10-31,Michoacán de Ocampo,181.0
2017-10-31,Morelos,61.0
2017-10-31,México,281.0
2017-10-31,Nacional,3666.0
2017-10-31,Nayarit,42.0
2017-10-31,Nuevo León,101.0
2017-10-31,Oaxaca,132.0
2017-10-31,Puebla,135.0
2017-10-31,Querétaro,42.0
2017-10-31,Quintana Roo,59.0
2017-10-31,San Luis Potosí,73.0
2017-10-31,Sinaloa,137.0
2017-10-31,Sonora,118.0
2017-10-31,Tabasco,90.0
2017-10-31,Tamaulipas,146.0
2017-10-31,Tlaxcala,21.0
2017-10-31,Veracruz de Ignacio de la Llave,253.0
2017-10-31,Yucatán,3.0
2017-10-31,Zacatecas,79.0
2017-11-30,Aguascalientes,20.0
2017-11-30,Baja California,219.0
2017-11-30,Baja California Sur,102.0
2017-11-30,Campeche,5.0
2017-11-30,Chiapas,92.0
2017-11-30,Chihuahua,148.0
2017-11-30,Ciudad de México,141.0
2017-11-30,Coahuila de Zaragoza,44.0
2017-11-30,Colima,65.0
2017-11-30,Durango,48.0
2017-11-30,Guanajuato,305.0
2017-11-30,Guerrero,236.0
2017-11-30,Hidalgo,57.0
2017-11-30,Jalisco,193.0
2017-11-30,Michoacán de Ocampo,213.0
2017-11-30,Morelos,61.0
2017-11-30,México,247.0
2017-11-30,Nacional,3545.0
2017-11-30,Nayarit,54.0
2017-11-30,Nuevo León,89.0
2017-11-30,Oaxaca,141.0
2017-11-30,Puebla,177.0
2017-11-30,Querétaro,23.0
2017-11-30,Quintana Roo,53.0
2017-11-30,San Luis Potosí,49.0
2017-11-30,Sinaloa,130.0
2017-11-30,Sonora,119.0
2017-11-30,Tabasco,72.0
2017-11-30,Tamaulipas,156.0
2017-11-30,Tlaxcala,14.0
2017-11-30,Veracruz de Ignacio de la Llave,214.0
2017-11-30,Yucatán,3.0
2017-11-30,Zacatecas,55.0
2017-12-31,Aguascalientes,31.0
2017-12-31,Baja California,201.0
2017-12-31,Baja California Sur,72.0
2017-12-31,Campeche,15.0
2017-12-31,Chiapas,109.0
2017-12-31,Chihuahua,177.0
2017-12-31,Ciudad de México,159.0
2017-12-31,Coahuila de Zaragoza,31.0
2017-12-31,Colima,83.0
2017-12-31,Durango,40.0
2017-12-31,Guanajuato,326.0
2017-12-31,Guerrero,255.0
2017-12-31,Hidalgo,49.0
2017-12-31,Jalisco,197.0
2017-12-31,Michoacán de Ocampo,226.0
2017-12-31,Morelos,83.0
2017-12-31,México,289.0
2017-12-31,Nacional,3710.0
2017-12-31,Nayarit,52.0
2017-12-31,Nuevo León,76.0
2017-12-31,Oaxaca,141.0
2017-12-31,Puebla,139.0
2017-12-31,Querétaro,42.0
2017-12-31,Quintana Roo,54.0
2017-12-31,San Luis Potosí,61.0
2017-12-31,Sinaloa,155.0
2017-12-31,Sonora,83.0
2017-12-31,Tabasco,89.0
2017-12-31,Tamaulipas,159.0
2017-12-31,Tlaxcala,22.0
2017-12-31,Veracruz de Ignacio de la Llave,230.0
2017-12-31,Yucatán,10.0
2017-12-31,Zacatecas,54.0
2018-01-31,Aguascalientes,20.0
2018-01-31,Baja California,252.0
2018-01-31,Baja California Sur,47.0
2018-01-31,Campeche,9.0
2018-01-31,Chiapas,94.0
2018-01-31,Chihuahua,143.0
2018-01-31,Ciudad de México,117.0
2018-01-31,Coahuila de Zaragoza,45.0
2018-01-31,Colima,62.0
2018-01-31,Durango,28.0
2018-01-31,Guanajuato,323.0
2018-01-31,Guerrero,250.0
2018-01-31,Hidalgo,63.0
2018-01-31,Jalisco,191.0
2018-01-31,Michoacán de Ocampo,182.0
2018-01-31,Morelos,87.0
2018-01-31,México,260.0
2018-01-31,Nacional,3403.0
2018-01-31,Nayarit,49.0
2018-01-31,Nuevo León,76.0
2018-01-31,Oaxaca,121.0
2018-01-31,Puebla,148.0
2018-01-31,Querétaro,44.0
2018-01-31,Quintana Roo,56.0
2018-01-31,San Luis Potosí,55.0
2018-01-31,Sinaloa,129.0
2018-01-31,Sonora,90.0
2018-01-31,Tabasco,71.0
2018-01-31,Tamaulipas,133.0
2018-01-31,Tlaxcala,20.0
2018-01-31,Veracruz de Ignacio de la Llave,193.0
2018-01-31,Yucatán,4.0
2018-01-31,Zacatecas,41.0
2018-02-28,Aguascalientes,21.0
2018-02-28,Baja California,207.0
2018-02-28,Baja California Sur,22.0
2018-02-28,Campeche,15.0
2018-02-28,Chiapas,112.0
2018-02-28,Chihuahua,128.0
2018-02-28,Ciudad de México,173.0
2018-02-28,Coahuila de Zaragoza,27.0
2018-02-28,Colima,60.0
2018-02-28,Durango,28.0
2018-02-28,Guanajuato,283.0
2018-02-28,Guerrero,199.0
2018-02-28,Hidalgo,67.0
2018-02-28,Jalisco,203.0
2018-02-28,Michoacán de Ocampo,191.0
2018-02-28,Morelos,90.0
2018-02-28,México,224.0
2018-02-28,Nacional,3282.0
2018-02-28,Nayarit,33.0
2018-02-28,Nuevo León,93.0
2018-02-28,Oaxaca,148.0
2018-02-28,Puebla,150.0
2018-02-28,Querétaro,30.0
2018-02-28,Quintana Roo,46.0
2018-02-28,San Luis Potosí,70.0
2018-02-28,Sinaloa,112.0
2018-02-28,Sonora,84.0
2018-02-28,Tabasco,78.0
2018-02-28,Tamaulipas,114.0
2018-02-28,Tlaxcala,20.0
2018-02-28,Veracruz de Ignacio de la Llave,195.0
2018-02-28,Yucatán,9.0
2018-02-28,Zacatecas,50.0
2018-03-31,Aguascalientes,30.0
2018-03-31,Baja California,234.0
2018-03-31,Baja California Sur,33.0
2018-03-31,Campeche,9.0
2018-03-31,Chiapas,117.0
2018-03-31,Chihuahua,143.0
2018-03-31,Ciudad de México,180.0
2018-03-31,Coahuila de Zaragoza,44.0
2018-03-31,Colima,62.0
2018-03-31,Durango,38.0
2018-03-31,Guanajuato,382.0
2018-03-31,Guerrero,250.0
2018-03-31,Hidalgo,80.0
2018-03-31,Jalisco,255.0
2018-03-31,Michoacán de Ocampo,178.0
2018-03-31,Morelos,76.0
2018-03-31,México,232.0
2018-03-31,Nacional,3817.0
2018-03-31,Nayarit,50.0
2018-03-31,Nuevo León,84.0
2018-03-31,Oaxaca,161.0
2018-03-31,Puebla,164.0
2018-03-31,Querétaro,45.0
2018-03-31,Quintana Roo,58.0
2018-03-31,San Luis Potosí,98.0
2018-03-31,Sinaloa,152.0
2018-03-31,Sonora,93.0
2018-03-31,Tabasco,79.0
2018-03-31,Tamaulipas,164.0
2018-03-31,Tlaxcala,11.0
2018-03-31,Veracruz de Ignacio de la Llave,246.0
2018-03-31,Yucatán,5.0
2018-03-31,Zacatecas,64.0
2018-04-30,Aguascalientes,23.0
2018-04-30,Baja California,261.0
2018-04-30,Baja California Sur,25.0
2018-04-30,Campeche,9.0
2018-04-30,Chiapas,116.0
2018-04-30,Chihuahua,134.0
2018-04-30,Ciudad de México,187.0
2018-04-30,Coahuila de Zaragoza,45.0
2018-04-30,Colima,55.0
2018-04-30,Durango,15.0
2018-04-30,Guanajuato,361.0
2018-04-30,Guerrero,245.0
2018-04-30,Hidalgo,39.0
2018-04-30,Jalisco,226.0
2018-04-30,Michoacán de Ocampo,186.0
2018-04-30,Morelos,81.0
2018-04-30,México,223.0
2018-04-30,Nacional,3694.0
2018-04-30,Nayarit,44.0
2018-04-30,Nuevo León,118.0
2018-04-30,Oaxaca,167.0
2018-04-30,Puebla,182.0
2018-04-30,Querétaro,39.0
2018-04-30,Quintana Roo,75.0
2018-04-30,San Luis Potosí,79.0
2018-04-30,Sinaloa,154.0
2018-04-30,Sonora,105.0
2018-04-30,Tabasco,70.0
2018-04-30,Tamaulipas,142.0
2018-04-30,Tlaxcala,12.0
2018-04-30,Veracruz de Ignacio de la Llave,213.0
2018-04-30,Yucatán,16.0
2018-04-30,Zacatecas,47.0
2018-05-31,Aguascalientes,33.0
2018-05-31,Baja California,264.0
2018-05-31,Baja California Sur,14.0
2018-05-31,Campeche,11.0
2018-05-31,Chiapas,110.0
2018-05-31,Chihuahua,217.0
2018-05-31,Ciudad de México,156.0
2018-05-31,Coahuila de Zaragoza,45.0
2018-05-31,Colima,57.0
2018-05-31,Durango,75.0
2018-05-31,Guanajuato,392.0
2018-05-31,Guerrero,238.0
2018-05-31,Hidalgo,68.0
2018-05-31,Jalisco,236.0
2018-05-31,Michoacán de Ocampo,175.0
2018-05-31,Morelos,79.0
2018-05-31,México,247.0
2018-05-31,Nacional,3912.0
2018-05-31,Nayarit,45.0
2018-05-31,Nuevo León,102.0
2018-05-31,Oaxaca,173.0
2018-05-31,Puebla,179.0
2018-05-31,Querétaro,39.0
2018-05-31,Quintana Roo,75.0
2018-05-31,San Luis Potosí,103.0
2018-05-31,Sinaloa,130.0
2018-05-31,Sonora,93.0
2018-05-31,Tabasco,88.0
2018-05-31,Tamaulipas,170.0
2018-05-31,Tlaxcala,17.0
2018-05-31,Veracruz de Ignacio de la Llave,219.0
2018-05-31,Yucatán,7.0
2018-05-31,Zacatecas,55.0
2018-06-30,Aguascalientes,24.0
2018-06-30,Baja California,240.0
2018-06-30,Baja California Sur,9.0
2018-06-30,Campeche,17.0
2018-06-30,Chiapas,99.0
2018-06-30,Chihuahua,232.0
2018-06-30,Ciudad de México,182.0
2018-06-30,Coahuila de Zaragoza,36.0
2018-06-30,Colima,63.0
2018-06-30,Durango,34.0
2018-06-30,Guanajuato,335.0
2018-06-30,Guerrero,232.0
2018-06-30,Hidalgo,30.0
2018-06-30,Jalisco,206.0
2018-06-30,Michoacán de Ocampo,154.0
2018-06-30,Morelos,63.0
2018-06-30,México,232.0
2018-06-30,Nacional,3559.0
2018-06-30,Nayarit,36.0
2018-06-30,Nuevo León,75.0
2018-06-30,Oaxaca,142.0
2018-06-30,Puebla,163.0
2018-06-30,Querétaro,50.0
2018-06-30,Quintana Roo,71.0
2018-06-30,San Luis Potosí,77.0
2018-06-30,Sinaloa,160.0
2018-06-30,Sonora,84.0
2018-06-30,Tabasco,90.0
2018-06-30,Tamaulipas,139.0
2018-06-30,Tlaxcala,8.0
2018-06-30,Veracruz de Ignacio de la Llave,214.0
2018-06-30,Yucatán,3.0
2018-06-30,Zacatecas,59.0
2018-07-31,Aguascalientes,30.0
2018-07-31,Baja California,309.0
2018-07-31,Baja California Sur,10.0
2018-07-31,Campeche,17.0
2018-07-31,Chiapas,112.0
2018-07-31,Chihuahua,242.0
2018-07-31,Ciudad de México,154.0
2018-07-31,Coahuila de Zaragoza,40.0
2018-07-31,Colima,55.0
2018-07-31,Durango,40.0
2018-07-31,Guanajuato,349.0
2018-07-31,Guerrero,241.0
2018-07-31,Hidalgo,43.0
2018-07-31,Jalisco,212.0
2018-07-31,Michoacán de Ocampo,202.0
2018-07-31,Morelos,96.0
2018-07-31,México,260.0
2018-07-31,Nacional,3858.0
2018-07-31,Nayarit,39.0
2018-07-31,Nuevo León,119.0
2018-07-31,Oaxaca,121.0
2018-07-31,Puebla,151.0
2018-07-31,Querétaro,43.0
2018-07-31,Quintana Roo,123.0
2018-07-31,San Luis Potosí,71.0
2018-07-31,Sinaloa,139.0
2018-07-31,Sonora,104.0
2018-07-31,Tabasco,118.0
2018-07-31,Tamaulipas,137.0
2018-07-31,Tlaxcala,20.0
2018-07-31,Veracruz de Ignacio de la Llave,191.0
2018-07-31,Yucatán,14.0
2018-07-31,Zacatecas,56.0
2018-08-31,Aguascalientes,18.0
2018-08-31,Baja California,274.0
2018-08-31,Baja California Sur,20.0
2018-08-31,Campeche,15.0
2018-08-31,Chiapas,100.0
2018-08-31,Chihuahua,234.0
2018-08-31,Ciudad de México,151.0
2018-08-31,Coahuila de Zaragoza,39.0
2018-08-31,Colima,63.0
2018-08-31,Durango,37.0
2018-08-31,Guanajuato,369.0
2018-08-31,Guerrero,215.0
2018-08-31,Hidalgo,76.0
2018-08-31,Jalisco,236.0
2018-08-31,Michoacán de Ocampo,180.0
2018-08-31,Morelos,70.0
2018-08-31,México,243.0
2018-08-31,Nacional,3716.0
2018-08-31,Nayarit,31.0
2018-08-31,Nuevo León,109.0
2018-08-31,Oaxaca,137.0
2018-08-31,Puebla,169.0
2018-08-31,Querétaro,39.0
2018-08-31,Quintana Roo,94.0
2018-08-31,San Luis Potosí,74.0
2018-08-31,Sinaloa,128.0
2018-08-31,Sonora,100.0
2018-08-31,Tabasco,87.0
2018-08-31,Tamaulipas,130.0
2018-08-31,Tlaxcala,13.0
2018-08-31,Veracruz de Ignacio de la Llave,196.0
2018-08-31,Yucatán,9.0
2018-08-31,Zacatecas,60.0
2018-09-30,Aguascalientes,18.0
2018-09-30,Baja California,271.0
2018-09-30,Baja California Sur,21.0
2018-09-30,Campeche,12.0
2018-09-30,Chiapas,107.0
2018-09-30,Chihuahua,167.0
2018-09-30,Ciudad de México,143.0
2018-09-30,Coahuila de Zaragoza,44.0
2018-09-30,Colima,58.0
2018-09-30,Durango,19.0
2018-09-30,Guanajuato,414.0
2018-09-30,Guerrero,236.0
2018-09-30,Hidalgo,68.0
2018-09-30,Jalisco,245.0
2018-09-30,Michoacán de Ocampo,212.0
2018-09-30,Morelos,87.0
2018-09-30,México,282.0
2018-09-30,Nacional,3808.0
2018-09-30,Nayarit,40.0
2018-09-30,Nuevo León,112.0
2018-09-30,Oaxaca,143.0
2018-09-30,Puebla,160.0
2018-09-30,Querétaro,44.0
2018-09-30,Quintana Roo,93.0
2018-09-30,San Luis Potosí,64.0
2018-09-30,Sinaloa,124.0
2018-09-30,Sonora,118.0
2018-09-30,Tabasco,81.0
2018-09-30,Tamaulipas,132.0
2018-09-30,Tlaxcala,13.0
2018-09-30,Veracruz de Ignacio de la Llave,204.0
2018-09-30,Yucatán,3.0
2018-09-30,Zacatecas,73.0
2018-10-31,Aguascalientes,19.0
2018-10-31,Baja California,294.0
2018-10-31,Baja California Sur,11.0
2018-10-31,Campeche,13.0
2018-10-31,Chiapas,100.0
2018-10-31,Chihuahua,123.0
2018-10-31,Ciudad de México,168.0
2018-10-31,Coahuila de Zaragoza,33.0
2018-10-31,Colima,77.0
2018-10-31,Durango,24.0
2018-10-31,Guanajuato,376.0
2018-10-31,Guerrero,198.0
2018-10-31,Hidalgo,69.0
2018-10-31,Jalisco,249.0
2018-10-31,Michoacán de Ocampo,233.0
2018-10-31,Morelos,94.0
2018-10-31,México,282.0
2018-10-31,Nacional,3666.0
2018-10-31,Nayarit,30.0
2018-10-31,Nuevo León,124.0
2018-10-31,Oaxaca,132.0
2018-10-31,Puebla,154.0
2018-10-31,Querétaro,25.0
2018-10-31,Quintana Roo,70.0
2018-10-31,San Luis Potosí,70.0
2018-10-31,Sinaloa,144.0
2018-10-31,Sonora,89.0
2018-10-31,Tabasco,80.0
2018-10-31,Tamaulipas,105.0
2018-10-31,Tlaxcala,16.0
2018-10-31,Veracruz de Ignacio de la Llave,189.0
2018-10-31,Yucatán,8.0
2018-10-31,Zacatecas,67.0
2018-11-30,Aguascalientes,22.0
2018-11-30,Baja California,290.0
2018-11-30,Baja California Sur,14.0
2018-11-30,Campeche,16.0
2018-11-30,Chiapas,116.0
2018-11-30,Chihuahua,163.0
2018-11-30,Ciudad de México,162.0
2018-11-30,Coahuila de Zaragoza,46.0
2018-11-30,Colima,58.0
2018-11-30,Durango,31.0
2018-11-30,Guanajuato,328.0
2018-11-30,Guerrero,204.0
2018-11-30,Hidalgo,61.0
2018-11-30,Jalisco,257.0
2018-11-30,Michoacán de Ocampo,169.0
2018-11-30,Morelos,84.0
2018-11-30,México,278.0
2018-11-30,Nacional,3622.0
2018-11-30,Nayarit,23.0
2018-11-30,Nuevo León,131.0
2018-11-30,Oaxaca,156.0
2018-11-30,Puebla,179.0
2018-11-30,Querétaro,49.0
2018-11-30,Quintana Roo,78.0
2018-11-30,San Luis Potosí,69.0
2018-11-30,Sinaloa,117.0
2018-11-30,Sonora,91.0
2018-11-30,Tabasco,69.0
2018-11-30,Tamaulipas,101.0
2018-11-30,Tlaxcala,8.0
2018-11-30,Veracruz de Ignacio de la Llave,181.0
2018-11-30,Yucatán,5.0
2018-11-30,Zacatecas,66.0
2018-12-31,Aguascalientes,25.0
2018-12-31,Baja California,273.0
2018-12-31,Baja California Sur,18.0
2018-12-31,Campeche,12.0
2018-12-31,Chiapas,96.0
2018-12-31,Chihuahua,161.0
2018-12-31,Ciudad de México,209.0
2018-12-31,Coahuila de Zaragoza,36.0
2018-12-31,Colima,55.0
2018-12-31,Durango,39.0
2018-12-31,Guanajuato,386.0
2018-12-31,Guerrero,208.0
2018-12-31,Hidalgo,69.0
2018-12-31,Jalisco,247.0
2018-12-31,Michoacán de Ocampo,214.0
2018-12-31,Morelos,93.0
2018-12-31,México,335.0
2018-12-31,Nacional,3913.0
2018-12-31,Nayarit,26.0
2018-12-31,Nuevo León,141.0
2018-12-31,Oaxaca,142.0
2018-12-31,Puebla,184.0
2018-12-31,Querétaro,43.0
2018-12-31,Quintana Roo,97.0
2018-12-31,San Luis Potosí,70.0
2018-12-31,Sinaloa,119.0
2018-12-31,Sonora,106.0
2018-12-31,Tabasco,90.0
2018-12-31,Tamaulipas,140.0
2018-12-31,Tlaxcala,14.0
2018-12-31,Veracruz de Ignacio de la Llave,198.0
2018-12-31,Yucatán,5.0
2018-12-31,Zacatecas,62.0
2019-01-31,Aguascalientes,28.0
2019-01-31,Baja California,271.0
2019-01-31,Baja California Sur,16.0
2019-01-31,Campeche,9.0
2019-01-31,Chiapas,90.0
2019-01-31,Chihuahua,183.0
2019-01-31,Ciudad de México,172.0
2019-01-31,Coahuila de Zaragoza,41.0
2019-01-31,Colima,72.0
2019-01-31,Durango,20.0
2019-01-31,Guanajuato,366.0
2019-01-31,Guerrero,172.0
2019-01-31,Hidalgo,77.0
2019-01-31,Jalisco,254.0
2019-01-31,Michoacán de Ocampo,184.0
2019-01-31,Morelos,90.0
2019-01-31,México,292.0
2019-01-31,Nacional,3672.0
2019-01-31,Nayarit,23.0
2019-01-31,Nuevo León,143.0
2019-01-31,Oaxaca,148.0
2019-01-31,Puebla,131.0
2019-01-31,Querétaro,38.0
2019-01-31,Quintana Roo,130.0
2019-01-31,San Luis Potosí,61.0
2019-01-31,Sinaloa,110.0
2019-01-31,Sonora,115.0
2019-01-31,Tabasco,68.0
2019-01-31,Tamaulipas,118.0
2019-01-31,Tlaxcala,16.0
2019-01-31,Veracruz de Ignacio de la Llave,174.0
2019-01-31,Yucatán,8.0
2019-01-31,Zacatecas,52.0
2019-02-28,Aguascalientes,24.0
2019-02-28,Baja California,217.0
2019-02-28,Baja California Sur,11.0
2019-02-28,Campeche,13.0
2019-02-28,Chiapas,84.0
2019-02-28,Chihuahua,168.0
2019-02-28,Ciudad de México,159.0
2019-02-28,Coahuila de Zaragoza,43.0
2019-02-28,Colima,57.0
2019-02-28,Durango,30.0
2019-02-28,Guanajuato,382.0
2019-02-28,Guerrero,171.0
2019-02-28,Hidalgo,61.0
2019-02-28,Jalisco,263.0
2019-02-28,Michoacán de Ocampo,205.0
2019-02-28,Morelos,109.0
2019-02-28,México,277.0
2019-02-28,Nacional,3580.0
2019-02-28,Nayarit,17.0
2019-02-28,Nuevo León,144.0
2019-02-28,Oaxaca,132.0
2019-02-28,Puebla,176.0
2019-02-28,Querétaro,47.0
2019-02-28,Quintana Roo,114.0
2019-02-28,San Luis Potosí,65.0
2019-02-28,Sinaloa,112.0
2019-02-28,Sonora,66.0
2019-02-28,Tabasco,82.0
2019-02-28,Tamaulipas,111.0
2019-02-28,Tlaxcala,10.0
2019-02-28,Veracruz de Ignacio de la Llave,176.0
2019-02-28,Yucatán,7.0
2019-02-28,Zacatecas,47.0
2019-03-31,Aguascalientes,22.0
2019-03-31,Baja California,216.0
2019-03-31,Baja California Sur,18.0
2019-03-31,Campeche,10.0
2019-03-31,Chiapas,98.0
2019-03-31,Chihuahua,193.0
2019-03-31,Ciudad de México,217.0
2019-03-31,Coahuila de Zaragoza,38.0
2019-03-31,Colima,58.0
2019-03-31,Durango,25.0
2019-03-31,Guanajuato,407.0
2019-03-31,Guerrero,159.0
2019-03-31,Hidalgo,59.0
2019-03-31,Jalisco,219.0
2019-03-31,Michoacán de Ocampo,194.0
2019-03-31,Morelos,114.0
2019-03-31,México,329.0
2019-03-31,Nacional,3783.0
2019-03-31,Nayarit,15.0
2019-03-31,Nuevo León,107.0
2019-03-31,Oaxaca,138.0
2019-03-31,Puebla,178.0
2019-03-31,Querétaro,51.0
2019-03-31,Quintana Roo,137.0
2019-03-31,San Luis Potosí,96.0
2019-03-31,Sinaloa,91.0
2019-03-31,Sonora,96.0
2019-03-31,Tabasco,103.0
2019-03-31,Tamaulipas,119.0
2019-03-31,Tlaxcala,13.0
2019-03-31,Veracruz de Ignacio de la Llave,195.0
2019-03-31,Yucatán,8.0
2019-03-31,Zacatecas,60.0
2019-04-30,Aguascalientes,25.0
2019-04-30,Baja California,217.0
2019-04-30,Baja California Sur,17.0
2019-04-30,Campeche,14.0
2019-04-30,Chiapas,108.0
2019-04-30,Chihuahua,196.0
2019-04-30,Ciudad de México,167.0
2019-04-30,Coahuila de Zaragoza,31.0
2019-04-30,Colima,60.0
2019-04-30,Durango,37.0
2019-04-30,Guanajuato,395.0
2019-04-30,Guerrero,156.0
2019-04-30,Hidalgo,59.0
2019-04-30,Jalisco,226.0
2019-04-30,Michoacán de Ocampo,177.0
2019-04-30,Morelos,91.0
2019-04-30,México,298.0
2019-04-30,Nacional,3626.0
2019-04-30,Nayarit,15.0
2019-04-30,Nuevo León,107.0
2019-04-30,Oaxaca,158.0
2019-04-30,Puebla,138.0
2019-04-30,Querétaro,39.0
2019-04-30,Quintana Roo,136.0
2019-04-30,San Luis Potosí,70.0
2019-04-30,Sinaloa,124.0
2019-04-30,Sonora,90.0
2019-04-30,Tabasco,107.0
2019-04-30,Tamaulipas,121.0
2019-04-30,Tlaxcala,23.0
2019-04-30,Veracruz de Ignacio de la Llave,165.0
2019-04-30,Yucatán,9.0
2019-04-30,Zacatecas,50.0
2019-05-31,Aguascalientes,29.0
2019-05-31,Baja California,268.0
2019-05-31,Baja California Sur,11.0
2019-05-31,Campeche,13.0
2019-05-31,Chiapas,109.0
2019-05-31,Chihuahua,237.0
2019-05-31,Ciudad de México,201.0
2019-05-31,Coahuila de Zaragoza,40.0
2019-05-31,Colima,64.0
2019-05-31,Durango,38.0
2019-05-31,Guanajuato,403.0
2019-05-31,Guerrero,180.0
2019-05-31,Hidalgo,55.0
2019-05-31,Jalisco,214.0
2019-05-31,Michoacán de Ocampo,204.0
2019-05-31,Morelos,88.0
2019-05-31,México,293.0
2019-05-31,Nacional,3891.0
2019-05-31,Nayarit,32.0
2019-05-31,Nuevo León,125.0
2019-05-31,Oaxaca,171.0
2019-05-31,Puebla,159.0
2019-05-31,Querétaro,43.0
2019-05-31,Quintana Roo,110.0
2019-05-31,San Luis Potosí,61.0
2019-05-31,Sinaloa,128.0
2019-05-31,Sonora,98.0
2019-05-31,Tabasco,97.0
2019-05-31,Tamaulipas,131.0
2019-05-31,Tlaxcala,22.0
2019-05-31,Veracruz de Ignacio de la Llave,197.0
2019-05-31,Yucatán,8.0
2019-05-31,Zacatecas,62.0
2019-06-30,Aguascalientes,20.0
2019-06-30,Baja California,273.0
2019-06-30,Baja California Sur,9.0
2019-06-30,Campeche,7.0
2019-06-30,Chiapas,103.0
2019-06-30,Chihuahua,224.0
2019-06-30,Ciudad de México,151.0
2019-06-30,Coahuila de Zaragoza,30.0
2019-06-30,Colima,59.0
2019-06-30,Durango,26.0
2019-06-30,Guanajuato,352.0
2019-06-30,Guerrero,179.0
2019-06-30,Hidalgo,60.0
2019-06-30,Jalisco,241.0
2019-06-30,Michoacán de Ocampo,228.0
2019-06-30,Morelos,96.0
2019-06-30,México,268.0
2019-06-30,Nacional,3743.0
2019-06-30,Nayarit,24.0
2019-06-30,Nuevo León,120.0
2019-06-30,Oaxaca,147.0
2019-06-30,Puebla,128.0
2019-06-30,Querétaro,30.0
2019-06-30,Quintana Roo,122.0
2019-06-30,San Luis Potosí,70.0
2019-06-30,Sinaloa,108.0
2019-06-30,Sonora,158.0
2019-06-30,Tabasco,86.0
2019-06-30,Tamaulipas,121.0
2019-06-30,Tlaxcala,26.0
2019-06-30,Veracruz de Ignacio de la Llave,207.0
2019-06-30,Yucatán,15.0
2019-06-30,Zacatecas,55.0
2019-07-31,Aguascalientes,15.0
2019-07-31,Baja California,314.0
2019-07-31,Baja California Sur,8.0
2019-07-31,Campeche,11.0
2019-07-31,Chiapas,104.0
2019-07-31,Chihuahua,225.0
2019-07-31,Ciudad de México,166.0
2019-07-31,Coahuila de Zaragoza,39.0
2019-07-31,Colima,69.0
2019-07-31,Durango,40.0
2019-07-31,Guanajuato,319.0
2019-07-31,Guerrero,189.0
2019-07-31,Hidalgo,46.0
2019-07-31,Jalisco,233.0
2019-07-31,Michoacán de Ocampo,185.0
2019-07-31,Morelos,84.0
2019-07-31,México,294.0
2019-07-31,Nacional,3735.0
2019-07-31,Nayarit,26.0
2019-07-31,Nuevo León,123.0
2019-07-31,Oaxaca,170.0
2019-07-31,Puebla,138.0
2019-07-31,Querétaro,39.0
2019-07-31,Quintana Roo,133.0
2019-07-31,San Luis Potosí,67.0
2019-07-31,Sinaloa,117.0
2019-07-31,Sonora,109.0
2019-07-31,Tabasco,66.0
2019-07-31,Tamaulipas,136.0
2019-07-31,Tlaxcala,8.0
2019-07-31,Veracruz de Ignacio de la Llave,196.0
2019-07-31,Yucatán,9.0
2019-07-31,Zacatecas,57.0
2019-08-31,Aguascalientes,12.0
2019-08-31,Baja California,278.0
2019-08-31,Baja California Sur,14.0
2019-08-31,Campeche,14.0
2019-08-31,Chiapas,90.0
2019-08-31,Chihuahua,202.0
2019-08-31,Ciudad de México,148.0
2019-08-31,Coahuila de Zaragoza,41.0
2019-08-31,Colima,68.0
2019-08-31,Durango,35.0
2019-08-31,Guanajuato,341.0
2019-08-31,Guerrero,181.0
2019-08-31,Hidalgo,54.0
2019-08-31,Jalisco,210.0
2019-08-31,Michoacán de Ocampo,219.0
2019-08-31,Morelos,97.0
2019-08-31,México,272.0
2019-08-31,Nacional,3673.0
2019-08-31,Nayarit,22.0
2019-08-31,Nuevo León,125.0
2019-08-31,Oaxaca,174.0
2019-08-31,Puebla,110.0
2019-08-31,Querétaro,43.0
2019-08-31,Quintana Roo,138.0
2019-08-31,San Luis Potosí,75.0
2019-08-31,Sinaloa,119.0
2019-08-31,Sonora,125.0
2019-08-31,Tabasco,59.0
2019-08-31,Tamaulipas,119.0
2019-08-31,Tlaxcala,13.0
2019-08-31,Veracruz de Ignacio de la Llave,220.0
2019-08-31,Yucatán,7.0
2019-08-31,Zacatecas,48.0
